{"cameraMode":{"drawMode":0,"name":"Shaded","section":"Shading Mode"},"sceneLighting":false,"audioPlay":false,"sceneViewState":{"showFog":true,"showMaterialUpdate":false,"showSkybox":false,"showFlares":true,"showImageEffects":true,"showParticleSystems":true},"in2DMode":false,"pivot":{"x":0.0,"y":-2.9802322387695315e-8,"z":-8.220000267028809},"rotation":{"x":0.1653357297182083,"y":-0.1779370754957199,"z":0.030342303216457368,"w":0.9695812463760376},"size":0.43301573395729067,"orthographic":true}